{"cameraMode":{"drawMode":0,"name":"Shaded","section":"Shading Mode"},"sceneLighting":true,"audioPlay":false,"sceneViewState":{"m_AlwaysRefresh":false,"showFog":true,"showSkybox":true,"showFlares":true,"showImageEffects":true,"showParticleSystems":true,"showVisualEffectGraphs":true,"m_FxEnabled":true},"in2DMode":false,"pivot":{"x":-0.22216224670410157,"y":1.1316474676132203,"z":0.19591179490089417},"rotation":{"x":0.00029200816061347723,"y":-0.4604393541812897,"z":0.00011039371747756377,"w":0.8876573443412781},"size":0.23746755719184876,"orthographic":false}